{
  "welcomeFile": "/webapp/index.html",
  "routes": [
    {
      "path": "/resources",
      "target": {
        "type": "service",
        "name": "sapui5",
        "entryPath": "/resources"
      },
      "description": "SAPUI5 Resources"
    },
    {
      "path": "/test-resources",
      "target": {
        "type": "service",
        "name": "sapui5",
        "entryPath": "/test-resources"
      },
      "description": "SAPUI5 Test Resources"
    },
   {
      "path": "/IOTAS-ADVANCEDLIST-THING-ODATA",
      "target": {
        "type": "destination",
        "name": "IOTAS-ADVANCEDLIST-THING-ODATA"
      },
      "description": "IOTAS-ADVANCEDLIST-THING-ODATA"
    },
    {
      "path": "/IOTAS-DETAILS-THING-ODATA",
      "target": {
        "type": "destination",
        "name": "IOTAS-DETAILS-THING-ODATA"
      },
      "description": "IOTAS-DETAILS-THING-ODATA"
    },
    {
      "path": "/IOTAS-COMPOSITE-EVENTS-ODATA",
      "target": {
        "type": "destination",
        "name": "IOTAS-COMPOSITE-EVENTS-ODATA"
      },
      "description": "IOTAS-COMPOSITE-EVENTS-ODATA"
    },
    {
      "path": "/resources/sap/ui/iot",
      "target": {
        "type": "destination",
        "name": "IOTAS_CONTROLS"
      },
      "description": "IoT UI Controls library"
    },
    {
      "path": "/backend/",
      "target": {
        "type": "destination",
        "name": "IOTAS"
      },
      "description": "SAPUI5 Test Resources"
    },
    {
      "path": "/backend-image/",
      "target": {
        "type": "destination",
        "name": "IOTAS-FILEIMAGE"
      },
      "description": "SAPUI5 Test Resources"
    },
    {
      "path": "/suncor_hana/",
      "target": {
        "type": "destination",
        "name": "SUNCOR_HANA"
      },
      "description": "Suncor Hana XSA backend services"
    }
  ],
  "sendWelcomeFileRedirect": true
}