{
  "welcomeFile": "/UIApp/index.html",
  "authenticationMethod": "none",
  "logout": {
    "logoutEndpoint": "/do/logout"
  },
  "routes": [
	{
	  "source": "^/UIApp/(.*)$",
	  "target": "$1",
	  "localDir": "webapp"
	},
	{
		"source": "^/IOTAS-ADVANCEDLIST-THING-ODATA/(.*)$",
		"destination": "IOTAS-ADVANCEDLIST-THING-ODATA",
		"target": "$1",
		"csrfProtection": false
	}, 
	{
		"source": "^/IOTAS-DETAILS-THING-ODATA/(.*)$",
		"destination": "IOTAS-DETAILS-THING-ODATA",
		"target": "$1",
		"csrfProtection": false
	}, 
	{
		"source": "^/IOTAS-COMPOSITE-EVENTS-ODATA/(.*)$",
		"destination": "IOTAS-COMPOSITE-EVENTS-ODATA",
		"target": "$1",
		"csrfProtection": false
	}, 
	{
		"source": "^/resources/sap/ui/iot/(.*)$",
		"destination": "IOTAS_CONTROLS",
		"target": "/sap/ui/iot/$1",
		"csrfProtection": false
	}, 
	{
		"source": "^/backend/(.*)$",
		"destination": "IOTAS",
		"target": "$1",
		"csrfProtection": false
	}, 
	{
		"source": "^/backend-image/(.*)$",
		"destination": "IOTAS-FILEIMAGE",
		"target": "$1",
		"csrfProtection": false
	},
	{
		"source": "^/suncor_hana/(.*)$",
		"destination": "SUNCOR_HANA",
		"target": "$1",
		"csrfProtection": true
	}, 
	{
		"source": "^/resources/(.*)$",
		"destination": "sapui52",
		"target": "$1",
		"csrfProtection": false
	}
  ]
}